Date,Symbol,Tax Effect Of Unusual Items,Tax Rate For Calcs,Normalized Ebitda,Net Income From Continuing Operation Net Minority Interest,Reconciled Depreciation,Reconciled Cost Of Revenue,Ebitda,Ebit,Net Interest Income,Interest Expense,Normalized Income,Net Income From Continuing And Discontinued Operation,Total Expenses,Total Operating Income As Reported,Diluted Average Shares,Basic Average Shares,Diluted Eps,Basic Eps,Diluted Ni Availto Com Stockholders,Net Income Common Stockholders,Net Income,Net Income Including Noncontrolling Interests,Net Income Continuous Operations,Tax Provision,Pretax Income,Net Non Operating Interest Income Expense,Total Other Finance Cost,Interest Expense Non Operating,Operating Income,Operating Expense,Other Operating Expenses,Research And Development,Selling General And Administration,Gross Profit,Cost Of Revenue,Total Revenue,Operating Revenue,Treasury Shares Number,Ordinary Shares Number,Share Issued,Net Debt,Total Debt,Tangible Book Value,Invested Capital,Working Capital,Net Tangible Assets,Capital Lease Obligations,Common Stock Equity,Total Capitalization,Total Equity Gross Minority Interest,Stockholders Equity,Gains Losses Not Affecting Retained Earnings,Capital Stock,Common Stock,Total Liabilities Net Minority Interest,Total Non Current Liabilities Net Minority Interest,Other Non Current Liabilities,Employee Benefits,Non Current Pension And Other Postretirement Benefit Plans,Non Current Deferred Liabilities,Non Current Deferred Taxes Liabilities,Long Term Debt And Capital Lease Obligation,Long Term Capital Lease Obligation,Long Term Debt,Current Liabilities,Other Current Liabilities,Current Deferred Liabilities,Current Deferred Revenue,Current Debt And Capital Lease Obligation,Current Capital Lease Obligation,Current Debt,Other Current Borrowings,Line Of Credit,Pensionand Other Post Retirement Benefit Plans Current,Current Provisions,Payables And Accrued Expenses,Current Accrued Expenses,Interest Payable,Payables,Other Payable,Total Tax Payable,Income Tax Payable,Accounts Payable,Total Assets,Total Non Current Assets,Other Non Current Assets,Non Current Prepaid Assets,Non Current Deferred Assets,Non Current Deferred Taxes Assets,Non Current Note Receivables,Non Current Accounts Receivable,Investments And Advances,Investmentin Financial Assets,Available For Sale Securities,Financial Assets Designatedas Fair Value Through Profitor Loss Total,Long Term Equity Investment,Investmentsin Associatesat Cost,Goodwill And Other Intangible Assets,Other Intangible Assets,Goodwill,Net Ppe,Accumulated Depreciation,Gross Ppe,Construction In Progress,Other Properties,Machinery Furniture Equipment,Buildings And Improvements,Land And Improvements,Properties,Current Assets,Other Current Assets,Hedging Assets Current,Prepaid Assets,Inventory,Finished Goods,Work In Process,Raw Materials,Receivables,Other Receivables,Taxes Receivable,Accounts Receivable,Allowance For Doubtful Accounts Receivable,Gross Accounts Receivable,Cash Cash Equivalents And Short Term Investments,Other Short Term Investments,Cash And Cash Equivalents,Cash Equivalents,Cash Financial,Free Cash Flow,Repayment Of Debt,Issuance Of Debt,Capital Expenditure,End Cash Position,Beginning Cash Position,Effect Of Exchange Rate Changes,Changes In Cash,Financing Cash Flow,Cash Flow From Continuing Financing Activities,Net Other Financing Charges,Net Issuance Payments Of Debt,Net Short Term Debt Issuance,Short Term Debt Payments,Short Term Debt Issuance,Net Long Term Debt Issuance,Long Term Debt Payments,Long Term Debt Issuance,Investing Cash Flow,Cash Flow From Continuing Investing Activities,Net Investment Purchase And Sale,Sale Of Investment,Purchase Of Investment,Net Intangibles Purchase And Sale,Purchase Of Intangibles,Net Ppe Purchase And Sale,Purchase Of Ppe,Operating Cash Flow,Cash Flow From Continuing Operating Activities,Taxes Refund Paid,Interest Received Cfo,Interest Paid Cfo,Change In Working Capital,Change In Other Working Capital,Other Non Cash Items,Stock Based Compensation,Deferred Tax,Deferred Income Tax,Depreciation Amortization Depletion,Depreciation And Amortization,Depreciation,Operating Gains Losses,Gain Loss On Sale Of Ppe,Net Income From Continuing Operations,Current Ratio,Net Profit Margin,Total Unusual Items,Total Unusual Items Excluding Goodwill,Interest Income,Other Income Expense,Special Income Charges,Other Special Charges,Interest Income Non Operating,Other Equity Adjustments,Retained Earnings,Additional Paid In Capital,Preferred Stock,Leases,Inventories Adjustments Allowances,Issuance Of Capital Stock,Interest Paid Supplemental Data,Income Tax Paid Supplemental Data,Proceeds From Stock Option Exercised,Net Common Stock Issuance,Common Stock Issuance,Change In Payables And Accrued Expense,Change In Accrued Expense,Change In Payable,Change In Account Payable,Change In Prepaid Assets,Change In Inventory,Change In Receivables,Changes In Account Receivables,Provisionand Write Offof Assets,Amortization Of Securities,Minority Interests,Other Non Operating Income Expenses,Gain On Sale Of Ppe,Write Off,Restructuring And Mergern Acquisition,Gain On Sale Of Security,Depreciation Amortization Depletion Income Statement,Depreciation And Amortization In Income Statement,Amortization,Amortization Of Intangibles Income Statement,Minority Interest,Restricted Cash,Net Other Investing Changes,Interest Received Cfi,Net Business Purchase And Sale,Purchase Of Business,Asset Impairment Charge,Gain Loss On Investment Securities,Net Foreign Currency Exchange Gain Loss,General And Administrative Expense,Other Gand A,Salaries And Wages,Treasury Stock,Tradeand Other Payables Non Current,Non Current Deferred Revenue,Repurchase Of Capital Stock,Cash Dividends Paid,Common Stock Dividend Paid,Common Stock Payments,Sale Of Business,Time Frame
2024-06-30,ALC,0.0,0.204,641000000.0,223000000.0,311000000.0,1122000000.0,641000000.0,330000000.0,-38000000.0,50000000.0,223000000.0,223000000.0,2178000000.0,318000000.0,497000000.0,494500000.0,0.45,0.45,223000000.0,223000000.0,223000000.0,223000000.0,223000000.0,57000000.0,280000000.0,-38000000.0,-12000000.0,50000000.0,318000000.0,1056000000.0,-1000000.0,220000000.0,837000000.0,1374000000.0,1122000000.0,2496000000.0,2482000000.0,,493244479.0,493244479.0,3314000000.0,5089000000.0,3255000000.0,25627000000.0,3647000000.0,3255000000.0,403000000.0,20941000000.0,25491000000.0,20941000000.0,20941000000.0,20921000000.0,20000000.0,20000000.0,8777000000.0,6437000000.0,763000000.0,,,792000000.0,792000000.0,4882000000.0,332000000.0,4550000000.0,2340000000.0,1078000000.0,,,207000000.0,71000000.0,136000000.0,86000000.0,50000000.0,,,1055000000.0,,,1055000000.0,,187000000.0,187000000.0,868000000.0,29718000000.0,23731000000.0,303000000.0,,448000000.0,448000000.0,43000000.0,153000000.0,412000000.0,412000000.0,411000000.0,1000000.0,,,17686000000.0,8760000000.0,8926000000.0,4686000000.0,,4686000000.0,,4686000000.0,,,,,5987000000.0,434000000.0,,,2332000000.0,,,,1849000000.0,,20000000.0,1829000000.0,,,1372000000.0,,1372000000.0,,,410000000.0,-15000000.0,0.0,-120000000.0,1372000000.0,1141000000.0,5000000.0,226000000.0,-171000000.0,-171000000.0,-26000000.0,-15000000.0,-38000000.0,-38000000.0,0.0,23000000.0,23000000.0,0.0,-133000000.0,-133000000.0,-13000000.0,7000000.0,-20000000.0,-28000000.0,-28000000.0,-92000000.0,-92000000.0,530000000.0,530000000.0,-55000000.0,15000000.0,-63000000.0,-29000000.0,,3000000.0,34000000.0,57000000.0,57000000.0,311000000.0,311000000.0,-65000000.0,1000000.0,1000000.0,223000000.0,2.5585470085470083,0.08934294871794872,,,,,,,,,,,,,,,,,,,,,,,,,,,,,,,,,,,,,,,,,,,,,,,,,,,,,,,,,,,,Quarterly
2024-03-31,ALC,0.0,0.26,676000000.0,248000000.0,296000000.0,1077000000.0,676000000.0,380000000.0,-33000000.0,45000000.0,248000000.0,248000000.0,2091000000.0,368000000.0,496600000.0,493800000.0,0.5,0.5,248000000.0,248000000.0,248000000.0,248000000.0,248000000.0,87000000.0,335000000.0,-33000000.0,-12000000.0,45000000.0,368000000.0,1014000000.0,13000000.0,199000000.0,802000000.0,1382000000.0,1077000000.0,2459000000.0,2444000000.0,,493244479.0,493244479.0,3550000000.0,5086000000.0,2979000000.0,25518000000.0,3433000000.0,2979000000.0,395000000.0,20827000000.0,25380000000.0,20827000000.0,20827000000.0,20807000000.0,20000000.0,20000000.0,8738000000.0,6467000000.0,768000000.0,,,818000000.0,818000000.0,4881000000.0,328000000.0,4553000000.0,2271000000.0,1106000000.0,,,205000000.0,67000000.0,138000000.0,138000000.0,,,,960000000.0,,,960000000.0,,142000000.0,142000000.0,818000000.0,29565000000.0,23861000000.0,301000000.0,,441000000.0,441000000.0,42000000.0,158000000.0,389000000.0,389000000.0,388000000.0,1000000.0,,,17848000000.0,8922000000.0,8926000000.0,4682000000.0,,4682000000.0,,4682000000.0,,,,,5704000000.0,408000000.0,,,2319000000.0,,,,1836000000.0,,14000000.0,1822000000.0,,,1141000000.0,,1141000000.0,,,198000000.0,-82000000.0,39000000.0,-143000000.0,1141000000.0,1094000000.0,-10000000.0,57000000.0,-66000000.0,-66000000.0,-23000000.0,-43000000.0,30000000.0,-9000000.0,39000000.0,-73000000.0,-73000000.0,0.0,-218000000.0,-218000000.0,-75000000.0,2000000.0,-77000000.0,-31000000.0,-31000000.0,-112000000.0,-112000000.0,341000000.0,341000000.0,-32000000.0,16000000.0,-36000000.0,-287000000.0,-287000000.0,4000000.0,43000000.0,87000000.0,87000000.0,296000000.0,296000000.0,296000000.0,2000000.0,2000000.0,248000000.0,2.5116688683399384,0.10085400569337129,,,,,,,,,,,,,,,,,,,,,,,,,,,,,,,,,,,,,,,,,,,,,,,,,,,,,,,,,,,,Quarterly
2023-12-31,ALC,0.0,0.085,215000000.0,427000000.0,,1062000000.0,215000000.0,215000000.0,12000000.0,47000000.0,427000000.0,427000000.0,2144000000.0,208000000.0,,,,,427000000.0,427000000.0,427000000.0,427000000.0,427000000.0,-259000000.0,168000000.0,12000000.0,-14000000.0,47000000.0,208000000.0,1082000000.0,80000000.0,208000000.0,794000000.0,1290000000.0,1062000000.0,2352000000.0,2332000000.0,6400000.0,493244479.0,499644479.0,3635000000.0,5135000000.0,2638000000.0,25353000000.0,3167000000.0,2638000000.0,406000000.0,20624000000.0,25218000000.0,20624000000.0,20624000000.0,20604000000.0,20000000.0,20000000.0,8990000000.0,6510000000.0,166000000.0,618000000.0,434000000.0,797000000.0,797000000.0,4929000000.0,335000000.0,4594000000.0,2480000000.0,10000000.0,78000000.0,78000000.0,206000000.0,71000000.0,135000000.0,87000000.0,48000000.0,550000000.0,35000000.0,1601000000.0,536000000.0,32000000.0,1065000000.0,69000000.0,185000000.0,114000000.0,811000000.0,29614000000.0,23967000000.0,119000000.0,6000000.0,606000000.0,443000000.0,44000000.0,164000000.0,319000000.0,309000000.0,308000000.0,1000000.0,10000000.0,10000000.0,17986000000.0,9060000000.0,8926000000.0,4723000000.0,-2975000000.0,7698000000.0,1023000000.0,31000000.0,3989000000.0,2603000000.0,52000000.0,0.0,5647000000.0,,2000000.0,112000000.0,2322000000.0,1691000000.0,197000000.0,434000000.0,2110000000.0,128000000.0,96000000.0,1886000000.0,-44000000.0,1930000000.0,1101000000.0,7000000.0,1094000000.0,824000000.0,270000000.0,,,,,,,,,,,,,,,,,,,,,,,,,,,,,,,,,,,,,,,,,,,,,2.277016129032258,0.18154761904761904,,,,,,,,,,,,,,,,,,,,,,,,,,,,,,,,,,,,,,,,,,,,,,,,,,,,,,,,,,,,Quarterly
2023-09-30,ALC,0.0,0.143,285000000.0,204000000.0,,1040000000.0,285000000.0,285000000.0,-55000000.0,47000000.0,204000000.0,204000000.0,2036000000.0,293000000.0,496300000.0,493200000.0,0.41,0.41,204000000.0,204000000.0,204000000.0,204000000.0,204000000.0,34000000.0,238000000.0,-55000000.0,8000000.0,47000000.0,293000000.0,996000000.0,-3000000.0,201000000.0,798000000.0,1289000000.0,1040000000.0,2329000000.0,2303000000.0,,,,,,,,,,,,,,,,,,,,,,,,,,,,,,,,,,,,,,,,,,,,,,,,,,,,,,,,,,,,,,,,,,,,,,,,,,,,,,,,,,,,,,,,,,,,,,,,,,,,,,,,,,,,,,,,,,,,,,,,,,,,,,,,,,,,,,,,,0.08759124087591241,,,,,,,,,,,,,,,,,,,,,,,,,,,,,,,,,,,,,,,,,,,,,,,,,,,,,,,,,,,,Quarterly
2023-06-30,ALC,0.0,0.207,558000000.0,169000000.0,297000000.0,1059000000.0,558000000.0,261000000.0,-57000000.0,48000000.0,169000000.0,169000000.0,2152000000.0,270000000.0,495700000.0,493200000.0,0.34,0.34,169000000.0,169000000.0,169000000.0,169000000.0,169000000.0,44000000.0,213000000.0,-57000000.0,9000000.0,48000000.0,270000000.0,1093000000.0,44000000.0,217000000.0,832000000.0,1363000000.0,1059000000.0,2422000000.0,2402000000.0,,,,,,,,,,,,,,,,,,,,,,,,,,,,,,,,,,,,,,,,,,,,,,,,,,,,,,,,,,,,,,,,,,,,,,,,,,,,,,,,,,,,,,,,,,,,101000000.0,-7000000.0,4000000.0,-224000000.0,661000000.0,889000000.0,5000000.0,-233000000.0,-145000000.0,-145000000.0,-26000000.0,-3000000.0,0.0,0.0,0.0,-3000000.0,-7000000.0,4000000.0,-413000000.0,-413000000.0,-189000000.0,1000000.0,-190000000.0,-107000000.0,-107000000.0,-117000000.0,-117000000.0,325000000.0,325000000.0,-48000000.0,5000000.0,-59000000.0,-65000000.0,,-116000000.0,34000000.0,44000000.0,44000000.0,297000000.0,297000000.0,-80000000.0,10000000.0,10000000.0,169000000.0,,0.06977704376548308,,,,,,,,,,,,,,,,,,,,,,,,,,,,,,,,,,,,,,,,,,,,,,,,,,,,,,,,,,,,Quarterly
2023-03-31,ALC,,,,,302000000.0,,,,,,,,,,495500000.0,492400000.0,0.35,0.35,,,,,,,,,,,,,,,,,,,,,,,,,,,,,,,,,,,,,,,,,,,,,,,,,,,,,,,,,,,,,,,,,,,,,,,,,,,,,,,,,,,,,,,,,,,,,,,,,,,,,,,,,,,,,,,-44000000.0,-65000000.0,69000000.0,-129000000.0,889000000.0,980000000.0,0.0,-91000000.0,-21000000.0,-21000000.0,-25000000.0,4000000.0,6000000.0,-34000000.0,40000000.0,-2000000.0,-31000000.0,29000000.0,-155000000.0,-155000000.0,-26000000.0,0.0,-26000000.0,-25000000.0,-25000000.0,-104000000.0,-104000000.0,85000000.0,85000000.0,-103000000.0,10000000.0,-35000000.0,-355000000.0,-355000000.0,9000000.0,40000000.0,39000000.0,39000000.0,302000000.0,302000000.0,302000000.0,4000000.0,4000000.0,174000000.0,,,,,,,,,,,,,,,,,,,,,,,,,,,,,,,,,,,,,,,,,,,,,,,,,,,,,,,,,,,,,,Quarterly
2024-06-30,BLCO,-2100000.0,0.15,150000000.0,-151000000.0,110000000.0,447000000.0,136000000.0,26000000.0,-99000000.0,102000000.0,-139100000.0,-151000000.0,1176000000.0,26000000.0,351800000.0,351800000.0,-0.43,-0.43,-151000000.0,-151000000.0,-151000000.0,-148000000.0,-148000000.0,72000000.0,-76000000.0,-99000000.0,,102000000.0,40000000.0,693000000.0,,84000000.0,535000000.0,733000000.0,483000000.0,1216000000.0,1213000000.0,,351401653.0,351401653.0,4347000000.0,4632000000.0,-1471000000.0,11136000000.0,1093000000.0,-1471000000.0,,6504000000.0,11106000000.0,6580000000.0,6504000000.0,-1306000000.0,0.0,0.0,6670000000.0,4994000000.0,378000000.0,,,14000000.0,14000000.0,4602000000.0,,4602000000.0,1676000000.0,,,,30000000.0,,30000000.0,,,218000000.0,67000000.0,1361000000.0,956000000.0,,405000000.0,,,,405000000.0,13250000000.0,10481000000.0,249000000.0,,827000000.0,827000000.0,,,,,,,,,7975000000.0,3437000000.0,4538000000.0,1430000000.0,,,,,,,,,2769000000.0,412000000.0,,,1069000000.0,697000000.0,93000000.0,279000000.0,986000000.0,,,986000000.0,,,285000000.0,,285000000.0,,,-57000000.0,-7000000.0,50000000.0,-72000000.0,302000000.0,325000000.0,-4000000.0,-19000000.0,40000000.0,40000000.0,-3000000.0,43000000.0,,,,43000000.0,-7000000.0,50000000.0,-74000000.0,-74000000.0,-2000000.0,1000000.0,-3000000.0,,,-72000000.0,-72000000.0,15000000.0,15000000.0,,,,-14000000.0,,9000000.0,22000000.0,24000000.0,24000000.0,110000000.0,110000000.0,,1000000.0,,-148000000.0,1.652147971360382,-0.12417763157894737,-14000000.0,-14000000.0,3000000.0,-17000000.0,-11000000.0,,3000000.0,-1306000000.0,-572000000.0,8382000000.0,,,,,,,,,,69000000.0,,69000000.0,69000000.0,18000000.0,-27000000.0,-74000000.0,-74000000.0,6000000.0,,-3000000.0,-3000000.0,1000000.0,5000000.0,7000000.0,-3000000.0,74000000.0,74000000.0,74000000.0,74000000.0,76000000.0,17000000.0,1000000.0,0.0,-1000000.0,-1000000.0,,-3000000.0,5000000.0,,,,,,,,,,,,Quarterly
2024-03-31,BLCO,-1350000.0,0.15,128000000.0,-167000000.0,110000000.0,388000000.0,119000000.0,9000000.0,-96000000.0,99000000.0,-159350000.0,-167000000.0,1084000000.0,6000000.0,351100000.0,351100000.0,-0.48,-0.48,-167000000.0,-167000000.0,-167000000.0,-163000000.0,-163000000.0,73000000.0,-90000000.0,-96000000.0,,99000000.0,15000000.0,660000000.0,,82000000.0,504000000.0,675000000.0,424000000.0,1099000000.0,1094000000.0,,351401653.0,351401653.0,4269000000.0,4584000000.0,-1403000000.0,11243000000.0,1126000000.0,-1403000000.0,,6659000000.0,11213000000.0,6729000000.0,6659000000.0,-1283000000.0,0.0,0.0,6564000000.0,4947000000.0,379000000.0,,,14000000.0,14000000.0,4554000000.0,,4554000000.0,1617000000.0,377000000.0,,,30000000.0,,30000000.0,,,189000000.0,,1021000000.0,595000000.0,71000000.0,426000000.0,,,,426000000.0,13293000000.0,10550000000.0,231000000.0,,860000000.0,860000000.0,,,,,,,,,8062000000.0,3515000000.0,4547000000.0,1397000000.0,,,,,,,,,2743000000.0,425000000.0,,,1073000000.0,707000000.0,96000000.0,270000000.0,920000000.0,,,920000000.0,-21000000.0,941000000.0,315000000.0,,315000000.0,,,-26000000.0,-58000000.0,75000000.0,-67000000.0,325000000.0,334000000.0,-5000000.0,-4000000.0,12000000.0,12000000.0,-5000000.0,17000000.0,,,,17000000.0,-58000000.0,75000000.0,-57000000.0,-57000000.0,4000000.0,6000000.0,-2000000.0,,,-67000000.0,-67000000.0,41000000.0,41000000.0,,,,11000000.0,,22000000.0,19000000.0,44000000.0,44000000.0,110000000.0,110000000.0,,-8000000.0,,-163000000.0,1.6963512677798391,-0.15195632393084624,-9000000.0,-9000000.0,3000000.0,-9000000.0,-9000000.0,1000000.0,3000000.0,-1283000000.0,-421000000.0,8363000000.0,,,,,,,,,,70000000.0,,70000000.0,70000000.0,119000000.0,-86000000.0,-92000000.0,-92000000.0,6000000.0,,-4000000.0,,4000000.0,,12000000.0,,74000000.0,74000000.0,74000000.0,74000000.0,70000000.0,10000000.0,1000000.0,6000000.0,-1000000.0,-1000000.0,,-3000000.0,-1000000.0,,,,,,,,,,,,Quarterly
2023-12-31,BLCO,-3157894.736842,0.105263,188000000.0,-54000000.0,116000000.0,425000000.0,158000000.0,42000000.0,-96000000.0,99000000.0,-27157894.736842,-54000000.0,1104000000.0,49000000.0,350800000.0,350800000.0,-0.15,-0.15,-54000000.0,-54000000.0,-54000000.0,-51000000.0,-51000000.0,-6000000.0,-57000000.0,-96000000.0,,99000000.0,69000000.0,643000000.0,,80000000.0,483000000.0,712000000.0,461000000.0,1173000000.0,2936000000.0,,350913804.0,350913804.0,4231000000.0,4562000000.0,-1314000000.0,11412000000.0,1163000000.0,-1314000000.0,,6850000000.0,11382000000.0,6920000000.0,6850000000.0,-1245000000.0,0.0,0.0,6522000000.0,4943000000.0,397000000.0,,,14000000.0,14000000.0,4532000000.0,,4532000000.0,1579000000.0,400000000.0,,,30000000.0,,30000000.0,,,233000000.0,,916000000.0,394000000.0,,522000000.0,,,,522000000.0,13442000000.0,10700000000.0,225000000.0,,921000000.0,921000000.0,,,,,,,,,8164000000.0,3589000000.0,4575000000.0,1390000000.0,-1630000000.0,3020000000.0,347000000.0,,1657000000.0,624000000.0,45000000.0,0.0,2742000000.0,541000000.0,,,1028000000.0,667000000.0,100000000.0,261000000.0,839000000.0,,,839000000.0,-21000000.0,860000000.0,331000000.0,,331000000.0,,,-69000000.0,-7000000.0,96000000.0,-84000000.0,334000000.0,360000000.0,8000000.0,-34000000.0,86000000.0,86000000.0,-3000000.0,89000000.0,,,,89000000.0,-7000000.0,96000000.0,-135000000.0,-135000000.0,-2000000.0,2000000.0,-4000000.0,,,-84000000.0,-84000000.0,15000000.0,15000000.0,,,,-100000000.0,,29000000.0,16000000.0,-1000000.0,-1000000.0,116000000.0,116000000.0,,-2000000.0,,-51000000.0,1.7365421152628246,-0.04603580562659847,-30000000.0,-30000000.0,3000000.0,-30000000.0,-20000000.0,1000000.0,3000000.0,-1245000000.0,-254000000.0,8349000000.0,,347000000.0,,,,,,,,188000000.0,,188000000.0,188000000.0,-129000000.0,-120000000.0,-39000000.0,-39000000.0,8000000.0,,-3000000.0,,,,19000000.0,-10000000.0,80000000.0,80000000.0,80000000.0,80000000.0,70000000.0,3000000.0,0.0,0.0,-49000000.0,-49000000.0,0.0,-3000000.0,1000000.0,,,,,,,,,,,,Quarterly
2023-09-30,BLCO,-12800000.0,0.4,155000000.0,-84000000.0,82000000.0,357000000.0,123000000.0,41000000.0,-72000000.0,76000000.0,-64800000.0,-84000000.0,939000000.0,40000000.0,350800000.0,350800000.0,-0.24,-0.24,-84000000.0,-84000000.0,-84000000.0,-80000000.0,-80000000.0,45000000.0,-35000000.0,-72000000.0,,76000000.0,68000000.0,547000000.0,,82000000.0,418000000.0,615000000.0,392000000.0,1007000000.0,1004000000.0,,350824535.0,350824535.0,4110000000.0,4465000000.0,-1371000000.0,11282000000.0,1078000000.0,-1371000000.0,,6817000000.0,11252000000.0,6883000000.0,6817000000.0,-1317000000.0,0.0,0.0,6185000000.0,4799000000.0,353000000.0,,,11000000.0,11000000.0,4435000000.0,,4435000000.0,1386000000.0,426000000.0,,,30000000.0,,30000000.0,,,198000000.0,85000000.0,647000000.0,283000000.0,,364000000.0,,,,364000000.0,13068000000.0,10604000000.0,212000000.0,,920000000.0,920000000.0,,,,,,,,,8188000000.0,3662000000.0,4526000000.0,1284000000.0,,,,,,,,,2464000000.0,567000000.0,,,754000000.0,488000000.0,66000000.0,200000000.0,783000000.0,,,783000000.0,,,355000000.0,,355000000.0,,,18000000.0,-141000000.0,1980000000.0,-30000000.0,360000000.0,392000000.0,-9000000.0,-23000000.0,1811000000.0,1811000000.0,-28000000.0,1839000000.0,,,,1839000000.0,-141000000.0,1980000000.0,-1882000000.0,-1882000000.0,2000000.0,4000000.0,-2000000.0,,,-33000000.0,-33000000.0,48000000.0,48000000.0,,,,0.0,,19000000.0,16000000.0,10000000.0,10000000.0,82000000.0,82000000.0,,-2000000.0,,-80000000.0,1.7777777777777777,-0.08341608738828203,-32000000.0,-32000000.0,4000000.0,-31000000.0,-29000000.0,2000000.0,4000000.0,-1317000000.0,-200000000.0,8334000000.0,,,,,,,,,,54000000.0,,54000000.0,54000000.0,16000000.0,-62000000.0,-8000000.0,-8000000.0,3000000.0,,-4000000.0,1000000.0,,0.0,27000000.0,-3000000.0,47000000.0,47000000.0,47000000.0,47000000.0,66000000.0,5000000.0,0.0,7000000.0,-1861000000.0,-1861000000.0,,-4000000.0,2000000.0,,,,,,,,,,,,Quarterly
2023-06-30,BLCO,-10400000.0,0.4,158000000.0,-32000000.0,93000000.0,380000000.0,132000000.0,39000000.0,-53000000.0,58000000.0,-16400000.0,-32000000.0,975000000.0,43000000.0,350500000.0,350500000.0,-0.09,-0.09,-32000000.0,-32000000.0,-32000000.0,-29000000.0,-29000000.0,10000000.0,-19000000.0,-53000000.0,,58000000.0,60000000.0,558000000.0,,85000000.0,417000000.0,618000000.0,417000000.0,1035000000.0,1031000000.0,,350527323.0,350527323.0,2245000000.0,2629000000.0,397000000.0,9587000000.0,990000000.0,397000000.0,,6958000000.0,9562000000.0,7030000000.0,6958000000.0,-1247000000.0,0.0,0.0,4285000000.0,2960000000.0,342000000.0,,,14000000.0,14000000.0,2604000000.0,,2604000000.0,1325000000.0,,,,25000000.0,,25000000.0,,,191000000.0,82000000.0,1027000000.0,679000000.0,,348000000.0,,,,348000000.0,11315000000.0,9000000000.0,207000000.0,,938000000.0,938000000.0,,,,,,,,,6561000000.0,2021000000.0,4540000000.0,1294000000.0,,,,,,,,,2315000000.0,433000000.0,,,699000000.0,453000000.0,55000000.0,191000000.0,791000000.0,,,791000000.0,,,384000000.0,,384000000.0,,,-54000000.0,-7000000.0,100000000.0,-30000000.0,392000000.0,358000000.0,-4000000.0,38000000.0,90000000.0,90000000.0,-3000000.0,93000000.0,,,,93000000.0,-7000000.0,100000000.0,-28000000.0,-28000000.0,1000000.0,4000000.0,-3000000.0,,,-27000000.0,-27000000.0,-24000000.0,-24000000.0,,,,-92000000.0,,5000000.0,18000000.0,-25000000.0,-25000000.0,93000000.0,93000000.0,,1000000.0,,-29000000.0,1.7471698113207548,-0.030917874396135265,-26000000.0,-26000000.0,5000000.0,-26000000.0,-17000000.0,,5000000.0,-1247000000.0,-116000000.0,8321000000.0,,,,,,,,,,21000000.0,,21000000.0,21000000.0,-15000000.0,-14000000.0,-84000000.0,-84000000.0,5000000.0,,-3000000.0,,,,17000000.0,-9000000.0,56000000.0,56000000.0,56000000.0,56000000.0,72000000.0,8000000.0,,0.0,0.0,0.0,,-3000000.0,4000000.0,,,,,,,,,,,,Quarterly
2023-03-31,BLCO,,,,,,,,,,,,,,,,,,,,,,,,,,,,,,,,,,,,,,,,,,,,,,,,,,,,,,,,,,,,,,,,,,322000000.0,,,,,,,,,78000000.0,,,,,,,,,,,,,,,,,,,,,,,,,,,,,,,,,,,,,,,,,,,,,,,-21000000.0,735000000.0,,,,,,,,,,,,,,,,,,,,,,,,,,,,,,,,,,,,,,,,,,,,,,,,,,,,,,,,,,,,,,,,,,,,,,,,,,,,,,,,,,,0.0,,,-6000000.0,,,,,,,,,,,5000000.0,,,,,,,,,,,,,,Quarterly
2024-09-30,COO,180500.0,0.361,280700000.0,104700000.0,89000000.0,301200000.0,281200000.0,192200000.0,-28500000.0,28500000.0,104380500.0,104700000.0,810300000.0,192500000.0,200600000.0,199100000.0,0.52,0.525866,104700000.0,104700000.0,104700000.0,104700000.0,104700000.0,59000000.0,163700000.0,-28500000.0,,28500000.0,192500000.0,470500000.0,,39000000.0,381100000.0,663000000.0,339800000.0,1002800000.0,1002800000.0,17600000.0,199100000.0,216700000.0,2518900000.0,2632400000.0,2361000000.0,10553600000.0,957200000.0,2361000000.0,3800000.0,7925000000.0,10513800000.0,7925200000.0,7925000000.0,-425100000.0,21700000.0,21700000.0,4182800000.0,3213300000.0,277000000.0,,,285700000.0,94900000.0,2591600000.0,2800000.0,2588800000.0,969500000.0,423800000.0,126400000.0,126400000.0,40800000.0,1000000.0,39800000.0,39800000.0,,156500000.0,,222000000.0,,,222000000.0,,,,222000000.0,12108000000.0,10181300000.0,621400000.0,,2248300000.0,2248300000.0,,,,,,,,,5564000000.0,1786800000.0,3777200000.0,1747600000.0,,,,,,,,,1926700000.0,298700000.0,,,779300000.0,545200000.0,19500000.0,214600000.0,739000000.0,,,739000000.0,-42800000.0,781800000.0,109700000.0,,109700000.0,,,118500000.0,-1490800000.0,1404700000.0,-89000000.0,109800000.0,112600000.0,1400000.0,-4200000.0,-87600000.0,-87600000.0,,-89500000.0,-1400000.0,,,-88100000.0,-1492800000.0,1404700000.0,-124100000.0,-124100000.0,,,,,,-89000000.0,-89000000.0,207500000.0,207500000.0,,,,-49800000.0,,63600000.0,,,,89000000.0,89000000.0,,,,104700000.0,1.9873130479628676,0.10440765855604307,500000.0,500000.0,,-300000.0,,,,-425100000.0,7150900000.0,1884700000.0,0.0,,,,,,1900000.0,,,,,,,,,,,,,,-800000.0,,,,500000.0,50400000.0,50400000.0,50400000.0,50400000.0,200000.0,,,,-35100000.0,-35100000.0,,,,,,,707200000.0,59000000.0,190800000.0,,0.0,0.0,,,Quarterly
2024-06-30,COO,-790000.0,0.316,259700000.0,88900000.0,98300000.0,263400000.0,257200000.0,158900000.0,-28900000.0,28900000.0,90610000.0,88900000.0,780900000.0,161700000.0,200500000.0,199100000.0,0.44,0.446509,88900000.0,88900000.0,88900000.0,88900000.0,88900000.0,41100000.0,130000000.0,-28900000.0,,28900000.0,161700000.0,469500000.0,,38900000.0,380300000.0,631200000.0,311400000.0,942600000.0,942600000.0,17700000.0,199100000.0,216800000.0,2596600000.0,2713000000.0,2245500000.0,10512700000.0,906500000.0,2245500000.0,4000000.0,7803700000.0,10472000000.0,7803900000.0,7803700000.0,-422600000.0,21700000.0,21700000.0,4243500000.0,3291000000.0,277900000.0,,,282800000.0,94200000.0,2671300000.0,3000000.0,2668300000.0,952500000.0,413700000.0,121700000.0,121700000.0,41700000.0,1000000.0,40700000.0,40700000.0,,144700000.0,,230700000.0,,,230700000.0,,,,230700000.0,12047400000.0,10188400000.0,637200000.0,,2283700000.0,2283700000.0,,,,,,,,,5558200000.0,1796900000.0,3761300000.0,1709300000.0,,,,,,,,,1859000000.0,282500000.0,,,775400000.0,539500000.0,23100000.0,212800000.0,688700000.0,,,688700000.0,-39900000.0,728600000.0,112400000.0,,112400000.0,,,36900000.0,-665300000.0,608000000.0,-74100000.0,112600000.0,135300000.0,-1800000.0,-20900000.0,-57100000.0,-57100000.0,,-57500000.0,-2200000.0,,,-55300000.0,-663300000.0,608000000.0,-74800000.0,-74800000.0,,,,,,-74100000.0,-74100000.0,111000000.0,111000000.0,,,,-143100000.0,,66900000.0,,,,98300000.0,98300000.0,,,,88900000.0,1.9517060367454069,0.09431360067897306,-2500000.0,-2500000.0,,-2800000.0,,,,-422600000.0,7046200000.0,1866700000.0,0.0,,,,,,400000.0,,,,,,,,,,,,,,-300000.0,,,,-2500000.0,50300000.0,50300000.0,50300000.0,50300000.0,200000.0,,,,-700000.0,-700000.0,,,,,,,708300000.0,59000000.0,188600000.0,,,,,,Quarterly
2024-03-31,COO,-388800.0,0.324,247900000.0,81200000.0,96800000.0,261300000.0,246700000.0,149900000.0,-29900000.0,29900000.0,82011200.0,81200000.0,778500000.0,153100000.0,199900000.0,198700000.0,0.408656,0.408656,81200000.0,81200000.0,81200000.0,81200000.0,81200000.0,38800000.0,120000000.0,-29900000.0,,29900000.0,153100000.0,470700000.0,,39500000.0,380900000.0,623800000.0,307800000.0,931600000.0,931600000.0,16000000.0,198700000.0,214700000.0,2632800000.0,2772300000.0,2073800000.0,10463100000.0,829000000.0,2073800000.0,4300000.0,7695100000.0,10418000000.0,7695300000.0,7695100000.0,-422000000.0,21600000.0,21600000.0,4337300000.0,3372400000.0,281400000.0,,,276700000.0,90400000.0,2726200000.0,3300000.0,2722900000.0,964900000.0,415400000.0,122400000.0,122400000.0,46100000.0,1000000.0,45100000.0,45100000.0,,178700000.0,,202300000.0,,,202300000.0,,,,202300000.0,12032600000.0,10238700000.0,616900000.0,,2318300000.0,2318300000.0,,,,,,,,,5621300000.0,1848100000.0,3773200000.0,1682200000.0,,,,,,,,,1793900000.0,260200000.0,,,747500000.0,520000000.0,18800000.0,208700000.0,651000000.0,,,651000000.0,-34700000.0,685700000.0,135200000.0,,135200000.0,,,4600000.0,-593100000.0,795100000.0,-118100000.0,135300000.0,120900000.0,3500000.0,10900000.0,212300000.0,212300000.0,,202200000.0,200000.0,,,202000000.0,-593100000.0,795100000.0,-324100000.0,-324100000.0,,,,,,-118100000.0,-118100000.0,122700000.0,122700000.0,,,,-109600000.0,,54300000.0,,,,96800000.0,96800000.0,,,,81200000.0,1.859156389263136,0.08716187204808931,-1200000.0,-1200000.0,,-3200000.0,,,,-422000000.0,6957300000.0,1847400000.0,0.0,,,,,,10100000.0,,,,,,,,,,,,,,-2000000.0,,,,-1200000.0,50300000.0,50300000.0,50300000.0,50300000.0,200000.0,,,,-206000000.0,-206000000.0,,,,,,,709200000.0,88100000.0,186300000.0,,,,,,Quarterly
2023-12-31,COO,-185244.360902,0.205827,226300000.0,84500000.0,92700000.0,274400000.0,225400000.0,132700000.0,-26300000.0,26300000.0,85214755.639098,84500000.0,791400000.0,135700000.0,199600000.0,198096596.0,0.425,0.42656,84500000.0,84500000.0,84500000.0,84500000.0,84500000.0,21900000.0,106400000.0,-26300000.0,,26300000.0,135700000.0,470800000.0,,36700000.0,387600000.0,606500000.0,320600000.0,927100000.0,927100000.0,17600000.0,198096596.0,215696596.0,2444000000.0,2569200000.0,2216000000.0,10115600000.0,735900000.0,2216000000.0,4400000.0,7550800000.0,10071200000.0,7551000000.0,7550800000.0,-453800000.0,5400000.0,5400000.0,4107900000.0,3138900000.0,239200000.0,,,285700000.0,101500000.0,2523800000.0,3400000.0,2520400000.0,969000000.0,363300000.0,123600000.0,123600000.0,45400000.0,1000000.0,44400000.0,,44400000.0,174800000.0,,261900000.0,,,261900000.0,,,,261900000.0,11658900000.0,9954000000.0,637100000.0,,2349500000.0,2349500000.0,,,,,,,,,5334800000.0,1710300000.0,3624500000.0,1632600000.0,-1553300000.0,3185900000.0,486300000.0,3800000.0,2187100000.0,488500000.0,20200000.0,0.0,1704900000.0,238800000.0,,,735600000.0,509300000.0,19000000.0,207300000.0,609700000.0,,,609700000.0,-31300000.0,641000000.0,120800000.0,,120800000.0,,,29200000.0,-463500000.0,472200000.0,-145000000.0,120900000.0,117500000.0,-3500000.0,6900000.0,-6500000.0,-6500000.0,,-6900000.0,-15600000.0,,,8700000.0,-463500000.0,472200000.0,-160800000.0,-160800000.0,,,,,,-145000000.0,-145000000.0,174200000.0,174200000.0,,,,-30000000.0,,-129200000.0,,,,92700000.0,92700000.0,,,,84500000.0,1.7594427244582043,0.0911444288642002,-900000.0,-900000.0,,-3000000.0,,,,-453800000.0,6876100000.0,1833400000.0,0.0,,,,,,1900000.0,0.0,,,,,,,,,,,,,-2100000.0,,,,-900000.0,46500000.0,46500000.0,46500000.0,46500000.0,200000.0,,,,-15800000.0,-15800000.0,,,,,,,710300000.0,90200000.0,184200000.0,0.0,-1500000.0,-1500000.0,0.0,0.0,Quarterly
2023-09-30,COO,-1212600.0,0.282,244400000.0,85300000.0,94500000.0,272400000.0,240100000.0,145600000.0,-26800000.0,26800000.0,88387400.0,85300000.0,778600000.0,151600000.0,199600000.0,198100000.0,0.43,0.43,85300000.0,85300000.0,85300000.0,85300000.0,85300000.0,33500000.0,118800000.0,-26800000.0,,26800000.0,151600000.0,458400000.0,,36500000.0,375200000.0,610000000.0,320200000.0,930200000.0,930200000.0,17600000.0,198000000.0,215600000.0,2457100000.0,2594300000.0,2074600000.0,10102700000.0,717400000.0,2074600000.0,19900000.0,7528300000.0,10039400000.0,7528500000.0,7528300000.0,-374800000.0,5400000.0,5400000.0,4168800000.0,3175200000.0,,246900000.0,246900000.0,323100000.0,137600000.0,2514700000.0,3600000.0,2511100000.0,993600000.0,409900000.0,122800000.0,122800000.0,79600000.0,16300000.0,63300000.0,,63300000.0,154600000.0,,226700000.0,,,226700000.0,,,,226700000.0,11697300000.0,9986300000.0,628200000.0,,2369400000.0,2369400000.0,,,,,,,,,5453700000.0,1770600000.0,3683100000.0,1535000000.0,,,,,,,,,1711000000.0,240200000.0,,240200000.0,723600000.0,490000000.0,21400000.0,212200000.0,629900000.0,,,629900000.0,,,117300000.0,,117300000.0,,,51600000.0,-162400000.0,452700000.0,-90900000.0,117500000.0,112100000.0,-1200000.0,6600000.0,-43000000.0,-43000000.0,,-45200000.0,7000000.0,,,-52200000.0,-504900000.0,452700000.0,-92900000.0,-92900000.0,,,,,,-90900000.0,-90900000.0,142500000.0,142500000.0,,,,-85800000.0,,48500000.0,,,,94500000.0,94500000.0,,,,85300000.0,1.7220209339774557,0.09170070952483336,-4300000.0,-4300000.0,,-6000000.0,,,,-374800000.0,6791600000.0,1817400000.0,0.0,,,,,,2200000.0,0.0,,,,,,,,,,,,,-1700000.0,,,,-4300000.0,46700000.0,46700000.0,46700000.0,46700000.0,200000.0,,,,-2000000.0,-2000000.0,,,,375200000.0,361500000.0,13700000.0,711300000.0,90500000.0,185500000.0,0.0,0.0,0.0,0.0,0.0,Quarterly
2023-06-30,COO,,,,,,,,,,,,,,,,,,,,,,,,,,,,,,,,,,,,,,,,,,,,,,,,,,,,,,,,,,234400000.0,234400000.0,,,,,,,,,,,,,,58300000.0,,,,,,,,,,,,,,,,,,,,,,,,,,,,,,,,,,,,,,,,,,,,,,,,,-21000000.0,585700000.0,,,,,,,,,,,,,,,,,,,,,,,,,,,,,,,,,,,,,,,,,,,,,,,,,,,,,,,,,,,,,,,,,,,,,0.0,,,,,,,,,,,,,,,,,,,,,,,,,,,,,,,407500000.0,394100000.0,13400000.0,,,,0.0,,,0.0,,Quarterly
2023-03-31,COO,,,,,,,,,,,,,,,,,,,,,,,,,,,,,,,,,,,,,,,,,,,,,,,,,,,,,,,,,,230500000.0,230500000.0,,,,,,,,,,,,,,51600000.0,,,,,,,,,,,,,,,,,,,,,,,,,,,,,,,,,,,,,,,,,,,,,,,,,,,,,,,,,,,,,,,,,,,,,,,,,,,,,,,,,,,,,,,,,,,,,,,,,,,,,,,,,,,,,,,,,,,,,,,0.0,,,,,,,,,,,,,,,,,,,,,,,,,,,,,,,,,,,,,0.0,,,0.0,,Quarterly
2024-06-30,RXST,0.0,0.21,-5237000.0,-6079000.0,820000.0,10637000.0,-5237000.0,-6057000.0,2270000.0,6000.0,-6079000.0,-6079000.0,43220000.0,-8333000.0,38455955.0,38455955.0,-0.16,-0.16,-6079000.0,-6079000.0,-6079000.0,-6079000.0,-6079000.0,16000.0,-6063000.0,2270000.0,,6000.0,-8333000.0,32583000.0,,8291000.0,24292000.0,24250000.0,10637000.0,34887000.0,34887000.0,,39617334.0,39617334.0,,11410000.0,275207000.0,275207000.0,261605000.0,275207000.0,11410000.0,275207000.0,275207000.0,275207000.0,275207000.0,-118000.0,40000.0,40000.0,30292000.0,10674000.0,,,,,,10674000.0,10674000.0,,19618000.0,,,,736000.0,736000.0,,,,,,18882000.0,13787000.0,,5095000.0,,,,5095000.0,305499000.0,24276000.0,1014000.0,,,,,,,,,,,,,,,23262000.0,,23262000.0,,10818000.0,,,,12444000.0,281223000.0,2773000.0,,,19443000.0,11327000.0,3371000.0,5313000.0,25723000.0,,,25723000.0,,,233284000.0,208839000.0,24445000.0,,,-5550000.0,-11000.0,,-1523000.0,25156000.0,33356000.0,-1000.0,-8199000.0,111473000.0,111473000.0,-456000.0,-11000.0,,,,-11000.0,-11000.0,,-115645000.0,-115645000.0,-114122000.0,45000000.0,-159122000.0,,,-1523000.0,-1523000.0,-4027000.0,-4027000.0,,,,-2856000.0,,,6105000.0,,,820000.0,820000.0,820000.0,,,-6079000.0,14.334947497196453,-0.17424828732765787,0.0,0.0,2276000.0,,0.0,,2276000.0,-118000.0,-609819000.0,885104000.0,0.0,,-568000.0,111940000.0,6000.0,,,111940000.0,111940000.0,2011000.0,2398000.0,-387000.0,-387000.0,104000.0,-799000.0,-4172000.0,-4172000.0,56000.0,-2073000.0,,,,,,,,,,,,,,,,,,,,,,,,,,,,,,,Quarterly
2024-03-31,RXST,0.0,0.21,-7945000.0,-9100000.0,1140000.0,8827000.0,-7945000.0,-9085000.0,1579000.0,6000.0,-9100000.0,-9100000.0,40182000.0,-10670000.0,36843087.0,36843087.0,-0.25,-0.25,-9100000.0,-9100000.0,-9100000.0,-9100000.0,-9100000.0,9000.0,-9091000.0,1579000.0,,6000.0,-10670000.0,31355000.0,,8031000.0,23324000.0,20685000.0,8827000.0,29512000.0,29512000.0,,37161753.0,37161753.0,,2522000.0,163929000.0,163929000.0,150231000.0,163929000.0,2522000.0,163929000.0,163929000.0,163929000.0,163929000.0,-53000.0,37000.0,37000.0,19236000.0,908000.0,,,,,,908000.0,908000.0,,18328000.0,,,,1614000.0,1614000.0,,,,,,16714000.0,11657000.0,,5057000.0,,,,5057000.0,183165000.0,14606000.0,937000.0,,,,,,,,,,,,,,,13669000.0,,13669000.0,,2052000.0,,,,11617000.0,168559000.0,2955000.0,,,18700000.0,9371000.0,4563000.0,5351000.0,21550000.0,,,21550000.0,,,125354000.0,92709000.0,32645000.0,,,-11276000.0,-27000.0,,-1967000.0,33356000.0,10402000.0,-3000.0,22957000.0,7992000.0,7992000.0,-2134000.0,-27000.0,,,,-27000.0,-27000.0,,24274000.0,24274000.0,26241000.0,74000000.0,-47759000.0,,,-1967000.0,-1967000.0,-9309000.0,-9309000.0,,,,-4651000.0,,,4696000.0,,,1140000.0,1140000.0,1140000.0,,,-9100000.0,9.196802706241815,-0.3083491461100569,,,1585000.0,,,,1585000.0,-53000.0,-603740000.0,767685000.0,0.0,,-585000.0,10153000.0,5000.0,,,10153000.0,10153000.0,-2561000.0,-3737000.0,1176000.0,1176000.0,569000.0,-1390000.0,-1269000.0,-1269000.0,111000.0,-1505000.0,,,,,,,,,,,,,,,,,,,,,,,,,,,,,,,Quarterly
2023-12-31,RXST,0.0,0.001958,-8107000.0,-9177000.0,1084000.0,10926000.0,-8107000.0,-9191000.0,1657000.0,4000.0,-9177000.0,-9177000.0,39432000.0,-10852000.0,,,,,-9177000.0,-9177000.0,-9177000.0,-9177000.0,-9177000.0,-18000.0,-9195000.0,1657000.0,,4000.0,-10852000.0,28506000.0,,7341000.0,21165000.0,17654000.0,10926000.0,28580000.0,28580000.0,,36139513.0,36139513.0,,3012000.0,160362000.0,160362000.0,147504000.0,160362000.0,3012000.0,160362000.0,160362000.0,160362000.0,160362000.0,-5000.0,36000.0,36000.0,22188000.0,1285000.0,74000.0,,,,,1211000.0,1211000.0,,20903000.0,2557000.0,2045000.0,2045000.0,1801000.0,1801000.0,,,,10637000.0,,3863000.0,0.0,0.0,3863000.0,,,,3863000.0,182550000.0,14143000.0,858000.0,,,,,,,,,,,,,,,13285000.0,-22698000.0,35983000.0,2335000.0,4605000.0,17490000.0,,,0.0,168407000.0,3523000.0,,,17421000.0,8092000.0,4145000.0,5680000.0,20281000.0,,,20281000.0,,,127182000.0,117490000.0,9692000.0,,,-9892000.0,-34000.0,0.0,-1591000.0,10403000.0,10569000.0,8000.0,-174000.0,3562000.0,3562000.0,12000.0,-34000.0,,,,-34000.0,-34000.0,0.0,4566000.0,4566000.0,6157000.0,50000000.0,-43843000.0,,,-1591000.0,-1591000.0,-8301000.0,-8301000.0,,,,-3207000.0,,0.0,4425000.0,,,1084000.0,1084000.0,1084000.0,0.0,,-9177000.0,8.056594747165478,-0.32109867039888035,0.0,0.0,1661000.0,0.0,0.0,0.0,1661000.0,-5000.0,-594640000.0,754971000.0,0.0,11553000.0,-496000.0,3584000.0,4000.0,-4000.0,,3584000.0,3584000.0,2037000.0,2195000.0,-158000.0,-158000.0,-1559000.0,1352000.0,-5037000.0,-5037000.0,151000.0,-1577000.0,,,,,,,,,,,,,,,,,,,,,,,,,,,,,,,Quarterly
2023-09-30,RXST,-295470.0,0.21,-9636000.0,-12415000.0,1130000.0,8468000.0,-11043000.0,-12173000.0,1516000.0,230000.0,-11303470.0,-12415000.0,34711000.0,-12512000.0,35662397.0,35662397.0,-0.35,-0.35,-12415000.0,-12415000.0,-12415000.0,-12415000.0,-12415000.0,12000.0,-12403000.0,1516000.0,,230000.0,-12512000.0,26243000.0,,7101000.0,19142000.0,13731000.0,8468000.0,22199000.0,22199000.0,0.0,35847685.0,35847685.0,,3330000.0,161479000.0,161479000.0,149005000.0,161479000.0,3330000.0,161479000.0,161479000.0,161479000.0,161479000.0,-60000.0,36000.0,36000.0,20371000.0,1429000.0,75000.0,,,,,1354000.0,1354000.0,,18942000.0,,,,1976000.0,1976000.0,,,,,,16966000.0,12861000.0,,4105000.0,,,,4105000.0,181850000.0,13903000.0,848000.0,,,,,,,,,,,,,,,13055000.0,,13055000.0,,2793000.0,,,,10262000.0,167947000.0,1897000.0,,,18924000.0,8734000.0,4787000.0,5771000.0,15244000.0,,,15244000.0,,,131882000.0,122023000.0,9859000.0,,,-8635000.0,-20037000.0,0.0,-653000.0,10569000.0,9514000.0,-5000.0,1060000.0,-8234000.0,-8234000.0,-2128000.0,-20037000.0,,,,-20037000.0,-20037000.0,0.0,17275000.0,17275000.0,17928000.0,90000000.0,-72072000.0,,,-653000.0,-653000.0,-7982000.0,-7982000.0,,,,-586000.0,,4000.0,4071000.0,,,1130000.0,1130000.0,1130000.0,1407000.0,,-12415000.0,8.86638158589378,-0.5592594261002748,-1407000.0,-1407000.0,1746000.0,-1407000.0,-1407000.0,1407000.0,1746000.0,-60000.0,-585463000.0,746966000.0,0.0,,-368000.0,13931000.0,225000.0,0.0,,13931000.0,13931000.0,2212000.0,2128000.0,84000.0,84000.0,129000.0,-977000.0,-1950000.0,-1950000.0,-1000.0,-1592000.0,,,,,,,,,,,,,,,,,,,,,,,,,,,,,,,Quarterly
2023-06-30,RXST,-76020.0,0.21,-10818000.0,-13804000.0,1030000.0,8795000.0,-11180000.0,-12210000.0,209000.0,1568000.0,-13518020.0,-13804000.0,34435000.0,-13625000.0,34498265.0,34498265.0,-0.4,-0.4,-13804000.0,-13804000.0,-13804000.0,-13804000.0,-13804000.0,26000.0,-13778000.0,209000.0,,1568000.0,-13625000.0,25640000.0,,7401000.0,18239000.0,12015000.0,8795000.0,20810000.0,20810000.0,,35168041.0,35168041.0,10836000.0,23412000.0,157188000.0,176777000.0,163880000.0,157188000.0,3823000.0,157188000.0,176777000.0,157188000.0,157188000.0,-73000.0,35000.0,35000.0,38073000.0,21508000.0,76000.0,,,,,21432000.0,1843000.0,19589000.0,16565000.0,,,,1980000.0,1980000.0,,,,,,14585000.0,10588000.0,,3997000.0,,,,3997000.0,195261000.0,14816000.0,1109000.0,,,,,,,,,,,,,,,13707000.0,,13707000.0,,3174000.0,,,,10533000.0,180445000.0,2112000.0,,,17945000.0,7757000.0,4868000.0,5719000.0,13295000.0,,,13295000.0,,,147093000.0,138340000.0,8753000.0,,,-9369000.0,-40041000.0,,-1823000.0,9514000.0,11773000.0,1000.0,-2260000.0,891000.0,891000.0,-1597000.0,-20041000.0,,,,-20041000.0,-40041000.0,,4395000.0,4395000.0,6218000.0,55000000.0,-48782000.0,,,-1823000.0,-1823000.0,-7546000.0,-7546000.0,,,,2461000.0,,142000.0,3955000.0,,,1030000.0,1030000.0,1030000.0,,,-13804000.0,10.893148204044673,-0.6633349351273427,-362000.0,-362000.0,1777000.0,-362000.0,-362000.0,362000.0,1777000.0,-73000.0,-573048000.0,730274000.0,0.0,,-399000.0,22529000.0,1899000.0,12000.0,,22529000.0,22529000.0,1642000.0,1481000.0,161000.0,161000.0,1328000.0,117000.0,-626000.0,-626000.0,4000.0,-1696000.0,,,,,,,,,,,,,,,,,,,,,,,,,,,,,,,Quarterly
2023-03-31,RXST,,,,,,,,,,,,,,,31637097.0,31637097.0,-0.42,-0.42,,,,,,,,,,,,,,,,,,,,,,,29297000.0,,,,,,,,,,,,,,,,,,,,,,,40309000.0,,,,,,,,,,,,,,,,,,,,,,,,,,,,,,,,,,,,,,,,,,,,,,,,,,,,,,,,,,,,,,,,,,,,,,,,,,,,,,,,,,,,,,,,,,,,,,,,,,,141000.0,,,,,,,,,,,,,,,,,,,,,,,,,,,0.0,761000.0,,,,,,,,,,,,,,,,,,,,,,,,,,,,,,,,,,,,,,,,,,,Quarterly
